id,symbol,name,class
immutable-x,imx,Immutable,1
floki,floki,FLOKI,1
gala,gala,GALA,1
beam-2,beam,Beam,1
axie-infinity,axs,Axie Infinity,1
the-sandbox,sand,The Sandbox,1
ronin,ron,Ronin,1
apecoin,ape,ApeCoin,1
echelon-prime,prime,Echelon Prime,1
illuvium,ilv,Illuvium,1
skale,skl,SKALE,1
enjincoin,enj,Enjin Coin,1
stepn,gmt,GMT,1
pixels,pixel,Pixels,1
guildfi,gf,GuildFi,1
yield-guild-games,ygg,Yield Guild Games,1
chromaway,chr,Chromia,1
wilder-world,wild,Wilder World,1
wax,waxp,WAX,1
xai-blockchain,xai,Xai,1
magic,magic,Magic,1
smooth-love-potion,slp,Smooth Love Potion,1
big-time,bigtime,Big Time,1
portal-2,portal,Portal,1
crown-by-third-time-games,crown,Crown by Third Time Games,1
bluzelle,blz,Bluzelle,1
hooked-protocol,hook,Hooked Protocol,1
heroes-of-mavia,mavia,Heroes of Mavia,1
myria,myria,Myria,1
oasys,oas,Oasys,1
guild-of-guardians,gog,Guild of Guardians,1
my-neighbor-alice,alice,My Neighbor Alice,1
nakamoto-games,naka,Nakamoto Games,1
vulcan-forged,pyr,Vulcan Forged,1
marblex,mbx,Marblex,1
mobox,mbox,Mobox,1
aavegotchi,ghst,Aavegotchi,1
sidus,sidus,Sidus,1
mines-of-dalarnia,dar,Mines of Dalarnia,1
xpla,xpla,XPLA,1
radio-caca,raca,Radio Caca,1
gamercoin,ghx,GamerCoin,1
star-atlas,atlas,Star Atlas,1
shrapnel-2,shrap,Shrapnel,1
sweatcoin,sweat,Sweat Economy,1
moon-tropica,cah,Moon Tropica,1
alien-worlds,tlm,Alien Worlds,1
star-atlas-dao,polis,Star Atlas DAO,1
gods-unchained,gods,Gods Unchained,1
ultra,uos,Ultra,1
merit-circle,mc,Merit Circle,1
cornucopias,copi,Cornucopias,1
punk-2,punk,PunkCity,1
cocos-bcx,combo,COMBO,1
dream-machine-token,dmt,Dream Machine Token,1
deapcoin,dep,DEAPCOIN,1
games-for-a-living,gfal,Games for a Living,1
voxies,voxel,Voxies,1
katana-inu,kata,Katana Inu,1
green-satoshi-token,gst-sol,STEPN Green Satoshi Token on Solana,1
gamium,gmm,Gamium,1
cere-network,cere,Cere Network,1
altura,alu,Altura,1
derace,derc,DeRace,1
metahero,hero,Metahero,1
carbify,cby,Carbify,1
the-virtua-kolect,tvk,Virtua,1
drunk-robots,metal,Badmad Robots,1
qopro,qorpo,QORPO WORLD,1
breederdao,breed,BreederDAO,1
sipher,sipher,SIPHER,1
passage,pasg,Passage,1
league-of-kingdoms,loka,League of Kingdoms,1
aurory,aury,Aurory,1
hytopia,topia,HYCHAIN,1
sappy-seals-pixl,pixl,PIXL,1
xana,xeta,XANA,1
raini-studios-token,rst,Raini Studios Token,1
volt-inu-2,volt,Volt Inu,1
altered-state-token,asto,Altered State Machine,1
wagmi-game-2,wagmigames,WAGMI Games,1
taki,taki,Taki Games,1
starlink,starl,StarLink,1
decentral-games,dg,Decentral Games,1
ufo-gaming,ufo,UFO Gaming,1
playa3ull-games-2,3ull,PLAYA3ULL GAMES,1
hello-labs,hello,HELLO,1
metacade,mcade,Metacade,1
affyn,fyn,Affyn,1
honeyland-honey,hxd,Honeyland,1
step-app-fitfi,fitfi,Step App,1
gameswift,gswift,GameSwift,1
nft-worlds,wrld,NFT Worlds,1
lords,lords,LORDS,1
phantasma,soul,Phantasma,1
kompete,kompete,KOMPETE,1
defi-kingdoms,jewel,DeFi Kingdoms,1
king-of-legends-2,kol,King of Legends,1
burger-swap,burger,BurgerCities,1
spartadex,sparta,SpartaDEX,1
kapital-dao,kap,KAP Games,1
octo-gaming,otk,Octokn,1
catecoin,cate,CateCoin,1
domi,domi,Domi,1
gamee,gmee,GAMEE,1
defi-land,dfl,DeFi Land,1
artyfact,arty,Artyfact,1
crypto-gladiator-shards,cgl,Crypto Gladiator League,1
genopets,gene,Genopets,1
ix-token,ixt,Planet IX,1
dotmoovs,moov,dotmoovs,1
everdome,dome,Everdome,1
rainbow-token-2,rbw,Rainbow Token,1
senate,senate,SENATE,1
rebel-bots,rbls,Rebel Bots,1
revv,revv,REVV,1
reboot,gg,Reboot,1
veloce-vext,vext,Veloce,1
dose-token,dose,DOSE,1
decimated,dio,Decimated,1
ispolink,isp,Ispolink,1
playzap,pzp,PlayZap,1
magiccraft,mcrt,MagicCraft,1
exosama-network,sama,Moonsama,1
bag,bag,Bag,1
redfox-labs-2,rfox,RFOX,1
monkeyball,mbs,UNKJD,1
reality-metaverse,rmv,Reality Metaverse,1
gensokishis-metaverse,mv,GensoKishi Metaverse,1
netvrk,netvr,Netvrk,1
iq-protocol,iqt,IQ Protocol,1
polka-city,polc,Polkacity,1
warped-games,warped,Warped Games,1
wombat,wombat,Wombat,1
dypius,dyp,Dypius,1
mars4,mars4,MARS4,1
splinterlands,sps,Splintershards,1
chain-games,chain,Chain Games,1
kryptomon,kmon,Kryptomon,1
gameswap-org,gswap,Gameswap,1
sin-city,sin,Sinverse,1
mixmob,mxm,MixMob,1
outer-ring,gq,Blink Galaxy,1
dogami,doga,Dogami,1
dope-wars-paper,paper,Dope Wars Paper,1
dehub,dhb,DeHub,1
pegaxy-stone,pgx,Pegaxy,1
firestarter,flame,FireStarter,1
bullieverse,bull,Bullieverse,1
champignons-of-arborethia,champz,Champignons of Arborethia,1
cryowar-token,cwar,Cryowar,1
morra,morra,Morra,1
wam,wam,Wam,1
dark-frontiers,dark,Dark Frontiers,1
chain-guardians,cgg,Chain Guardians,1
crowns,cws,Seascape Crowns,1
chimaera,wchi,XAYA,1
exeedme,xed,Exeedme,1
nftb,nftb,NFTb,1
the-unfettered-souls,souls,The Unfettered Ecosystem,1
rainicorn,$raini,Raini,1
good-games-guild,ggg,Good Games Guild,1
revomon-2,revo,Revomon,1
derby-stars-run,dsrun,Derby Stars RUN,1
realfevr,fevr,RealFevr,1
my-defi-pet,dpet,My DeFi Pet,1
green-satoshi-token-bsc,gst-bsc,STEPN Green Satoshi Token on BSC,1
kitty-inu,kitty,Kitty Inu,1
vidya,vidya,Vidya,1
eldarune,elda,Eldarune,1
deepspace,dps,DEEPSPACE,1
rome,rome,Rome,1
realm,realm,Realm,1
fabwelt,welt,Fabwelt,1
shroom-finance,shroom,Niftyx Protocol,1
bomber-coin,bcoin,BombCrypto,1
avaocado-dao,avg,Avocado DAO,1
atari,atri,Atari,1
unix,unix,UniX,1
battle-world,bwo,Battle World,1
mch-coin,mchc,MCH Coin,1
blockchainspace,guild,BlockchainSpace,1
fear,fear,FEAR,1
green-satoshi-token-on-eth,gst-eth,STEPN Green Satoshi Token on ETH,1
heroeschained,hec,HeroesChained,1
zookeeper,zoo,ZooKeeper,1
the-three-kingdoms,ttk,The Three Kingdoms,1
metastrike,mts,Metastrike,1
vempire-ddao,vemp,VEMP,1
materium,mtrm,Materium,1
battle-pets,pet,Hello Pets,1
polker,pkr,Polker,1
alaska-gold-rush,carat,Alaska Gold Rush,1
cocktailbar,coc,The Cocktailbar,1
blockchain-monster-hunt,bcmc,Blockchain Monster Hunt,1
monsterra,mstr,Monsterra,1
metaverser,mtvt,Metaverser,1
metafighter,mf,MetaFighter,1
ioi-token,ioi,IOI Token,1
revenant,gamefi,Revenant,1
epiko,epiko,Epiko,1
blackpool-token,bpt,BlackPool,1
revolve-games,rpg,Revolve Games,1
faraland,fara,FaraLand,1
chronicle,xnl,Chronicle,1
vigorus,vis,Vigorus,1
meta-toy-dragonz-saga-fxerc20,fxmetod,Meta Toy DragonZ SAGA (FXERC20),1
ebisusbay-fortune,frtn,Fortune Token,1
nifty-league,nftl,Nifty League,1
decentral-games-old,dg,Decentral Games (Old),1
gamespad,gmpd,GamesPad,1
cryptozoon,zoon,CryptoZoon,1
binamon,bmon,Binamon,1
forest-knight,knight,Forest Knight,1
iqeon,iqn,IQeon,1
wanaka-farm,wana,Wanaka Farm,1
micropets,pets,MicroPets [OLD],1
kleekai,klee,KleeKai,1
retrocraft,retro,RetroCraft,1
galaxy-fight-club,gcoin,Galaxy Fight Club,1
dogemon-go,dogo,DogemonGo,1
token-in,tin,Token IN,1
cryptoblades,skill,CryptoBlades,1
dinox,dnxc,DinoX,1
pancake-hunny,hunny,Hunny Finance,1
monsta-infinite,moni,Monsta Infinite,1
must,must,Must,1
waves-ducks,egg,Waves Ducks,1
dragon-crypto-aurum,dcau,Dragon Crypto Aurum,1
gg-token,ggtk,GG,1
metarun,mrun,Metarun,1
mist,mist,Mist,1
kcal,kcal,KCAL,1
gax-liquidity-token-reward,gltr,GAX Liquidity Token Reward,1
cryptotanks,tank,CryptoTanks,1
decentral-games-ice,ice,Decentral Games ICE,1
nitro-league,nitro,Nitro League,1
kawaii-islands,kwt,Kawaii Islands,1
crypto-raiders,raider,Crypto Raiders,1
wizarre-scroll,scrl,Wizarre Scroll,1
crabada,cra,Crabada,1
chain-of-legends,cleg,Chain of Legends,1
lucha,lucha,Lucha,1
bezoge-earth,bezoge,Bezoge Earth,1
cryptomeda,tech,Cryptomeda,1
polkawar,pwar,PolkaWar,1
snook,snk,Snook,1
gamyfi-token,gfx,GamyFi,1
ethermon,emon,Ethermon,1
aavegotchi-kek,kek,Aavegotchi KEK,1
medieval-empires,mee,Medieval Empires,1
karrat,karrat,Karrat,1
land-of-heroes,loh,Land Of Heroes,1
bounty-temple,tyt,Bounty Temple,1
playdapp,pda,PlayDapp,1
rainmaker-games,rain,Rainmaker Games,1
ethlas,els,Ethlas,1
bitcoin-cats,1cat,Bitcoin Cats,1
mxs-games,xseed,MXS Games,1
forgotten-playland,fp,Forgotten Playland,1
tridentdao,psi,TridentDAO,1
apeironnft,aprs,Apeiron,1
genopet-ki,ki,Genopets KI,1
rebel-bots-oil,xoil,Rebel Bots Oil,1
decentraland,mana,Decentraland,1
wemix-token,wemix,WEMIX,1
ecomi,omi,ECOMI,1
gamefi,gafi,GameFi.org,1
paragonsdao,pdt,ParagonsDAO,1
tower,tower,Tower,1
gaia-everworld,gaia,Gaia Everworld,1
plant-vs-undead-token,pvu,Plant vs Undead,1
milk,milk,Cool Cats Milk,1
game-fantasy-token,gft,Game Fantasy,1
froggies-token-2,frgst,Froggies,1
defi-warrior,fiwa,Defi Warrior,1
crolon-mars,clmrs,Crolon Mars,1
my-master-war,mat,My Master War,1
playnity,ply,PlayNity,1
benzene,bzn,Benzene,1
demeter,deo,Demeter,1
wall-street-games,wsg,Wall Street Games [OLD],1
avaxtars,avxt,Avaxtars,1
crusaders-of-crypto,crusader,Crusaders of Crypto,1
battle-saga,btl,Battle Saga,1
treasure-under-sea,tus,Treasure Under Sea,1
fancy-games,fnc,Fancy Games,1
nftmall,gem,NFTmall,1
nft-soccer-games,nfsg,NFT Soccer Games,1
anrkey-x,$anrx,AnRKey X,1
wirtual,wirtual,Wirtual,1
ape-in,apein,Ape In,1
vibe,vibe,VIBE,1
kaby-arena,kaby,Kaby Arena,1
dark-energy-crystals,dec,Dark Energy Crystals,1
hero-arena,hera,Hero Arena,1
cryptomines-eternal,eternal,CryptoMines Eternal,1
starmon-token,smon,StarMon,1
nft-champions,champ,NFT Champions,1
nana-token,nana,NANA Token,1
syndicate-2,synr,MOBLAND,1
green-beli,grbe,Green Beli,1
life-coin,lfc,Supernova Shards Life Coin,1
thetan-arena,thg,Thetan World,1
loserchick-egg,egg,LoserChick EGG,1
monsterra-mag,mag,Monsterra MAG,1
magical-blocks,mblk,Magical Blocks,1
raider-aurum,aurum,Raider Aurum,1
chaincade,chaincade,ChainCade,1
unicorn-milk,unim,Unicorn Milk,1
cantina-royale,crt,Cantina Royale,1
valeria,val,Valeria,1
bunicorn,buni,Bunicorn,1
magic-beasties,bsts,Magic Beasties,1
megaweapon,$weapon,Megaweapon,1
micropets-2,pets,MicroPets,1
wall-street-games-2,wsg,Wall Street Games,1
dexioprotocol-v2,dexio,Dexioprotocol,1
metaversex,metax,MetaverseX,1
metaland-gameverse,mst,Monster,1
ark-rivals,arkn,Ark Rivals,1
arcade-2,arc,Arcade,1
dreams-quest,dreams,Dreams Quest,1
meme-lordz,lordz,Meme Lordz,1
zed-run,zed,ZED RUN,1
zoo-crypto-world,zoo,ZOO Crypto World,1
shoefy,shoe,ShoeFy,1
metaderby,dby,Metaderby,1
planet-sandbox,psb,Planet Sandbox,1
render-token,rndr,Render,0
bittensor,tao,Bittensor,0
the-graph,grt,The Graph,0
fetch-ai,fet,Fetch.ai,0
singularitynet,agix,SingularityNET,0
akash-network,akt,Akash Network,0
aioz-network,aioz,AIOZ Network,0
ocean-protocol,ocean,Ocean Protocol,0
arkham,arkm,Arkham,0
origintrail,trac,OriginTrail,0
golem,glm,Golem,0
nosana,nos,Nosana,0
netmind-token,nmt,NetMind Token,0
rss3,rss3,RSS3,0
0x0-ai-ai-smart-contract,0x0,0x0.ai: AI Smart Contract,0
delysium,agi,Delysium,0
iexec-rlc,rlc,iExec RLC,0
paal-ai,paal,PAAL AI,0
marlin,pond,Marlin,0
oraichain-token,orai,Oraichain,0
tokenfi,token,TokenFi,0
everipedia,iq,IQ,0
numeraire,nmr,Numeraire,0
virtual-protocol,virtual,Virtual Protocol,0
nodeai,gpu,NodeAI,0
humans-ai,heart,Humans.ai,0
zignaly,zig,Zignaly,0
autonolas,olas,Autonolas,0
sleepless-ai,ai,Sleepless AI,0
covalent,cqt,Covalent,0
cudos,cudos,Cudos,0
chaingpt,cgpt,ChainGPT,0
solidus-aitech,aitech,Solidus Ai Tech,0
forta,fort,Forta,0
phoenix-global,phb,Phoenix,0
alethea-artificial-liquid-intelligence-token,ali,Artificial Liquid Intelligence,0
agoras-currency-of-tau,agrs,Agoras: Currency of Tau,0
limewire-token,lmwr,LimeWire,0
vaiot,vai,Vaiot,0
clore-ai,clore,Clore.ai,0
commune-ai,comai,Commune AI,0
singularitydao,sdao,SingularityDAO,0
numbers-protocol,num,Numbers Protocol,0
arc,arc,Arc,0
aleph,aleph,Aleph.im,0
palm-ai,palm,PaLM AI,0
dynex,dnx,Dynex,0
selfkey,key,SelfKey,0
botto,botto,Botto,0
jackal-protocol,jkl,Jackal Protocol,0
cere-network,cere,Cere Network,0
openfabric,ofn,Openfabric AI,0
noisegpt,enqai,enqAI,0
octaspace,octa,OctaSpace,0
synesis-one,sns,Synesis One,0
graphlinq-protocol,glq,GraphLinq Chain,0
vectorspace,vxv,Vectorspace AI,0
hypergpt,hgpt,HyperGPT,0
ait-protocol,ait,AIT Protocol,0
altered-state-token,asto,Altered State Machine,0
atlas-navi,navi,Atlas Navi,0
bitscrunch-token,bcut,bitsCrunch Token,0
dexcheck,dck,DexCheck AI,0
carbon-browser,csix,Carbon Browser,0
optimus-ai,opti,Optimus AI,0
spectre-ai,spectre,Spectre AI,0
dtravel,trvl,TRVL,0
gameswift,gswift,GameSwift,0
phantasma,soul,Phantasma,0
gt-protocol,gtai,GT-Protocol,0
thought,tht,Thought,0
hera-finance,hera,Hera Finance,0
bostrom,boot,Bostrom,0
bad-idea-ai,bad,Bad Idea AI,0
imgnai,imgnai,Image Generation AI,0
matrix-ai-network,man,Matrix AI Network,0
frok-ai,frok,Frok.ai,0
kizuna,kizuna,Kizuna,0
aegis-ai,aegis,Aegis Ai,0
sensay,snsy,Sensay,0
deepbrain-chain,dbc,DeepBrain Chain,0
bridge-oracle,brg,Bridge Oracle,0
chirpley,chrp,Chirpley,0
arbius,aius,Arbius,0
presearch,pre,Presearch,0
purefi,ufi,PureFi,0
cryptogpt-token,lai,LayerAI,0
dotmoovs,moov,dotmoovs,0
orbofi-ai,obi,Orbofi AI,0
ta-da,tada,Ta-da,0
roko-network,roko,Roko Network,0
octavia,via,Octavia,0
arkitech,arki,ArkiTech,0
deepfakeai,fakeai,DeepFakeAI,0
ispolink,isp,Ispolink,0
chartai,cx,ChartAI,0
monai,monai,Monai,0
precipitate-ai,rain,Precipitate.ai,0
ai-network,ain,AI Network,0
chappyz,chapz,Chappyz,0
kwai,kwai,KWAI,0
airight,airi,aiRight,0
ai-power-grid,aipg,AI Power Grid,0
quick-intel,qkntl,Quick Intel,0
vaulttech,$vault,VaultTech,0
eve-ai,eveai,Eve AI,0
liza-2,liza,LIZA,0
lilai,lilai,LilAI,0
aimbot,aimbot,Aimbot AI,0
gny,gny,GNY,0
neuroni-ai,neuroni,Neuroni AI,0
meme-ai-coin,memeai,Meme AI Coin,0
checkdot,cdt,CheckDot,0
vps-ai,vps,VPS Ai,0
alphascan,ascn,AlphaScan AI,0
och,och,Orchai,0
mozaic,moz,Mozaic,0
aimedis-new,aimx,Aimedis (NEW),0
virtuswap,vrsw,VirtuSwap,0
quadency,quad,Quadency Token,0
alphakek-ai,aikek,AlphaKEK.AI,0
2dai-io,2dai,2DAI.io,0
roasthimjim,jim,Jim,0
epik-protocol,aiepk,EpiK Protocol,0
bird-money,bird,Bird.Money,0
not-financial-advice,nfai,Not Financial Advice,0
cindicator,cnd,Cindicator,0
generaitiv,gai,Generaitiv,0
insightx,inx,InsightX,0
smartcredit-token,smartcredit,SmartCredit,0
all-in,allin,All In,0
verox,vrx,Verox,0
oggy-inu-2,oggy,Oggy Inu [ETH],0
inheritance-art,iai,inheritance Art,0
ojamu,oja,Ojamu,0
alpha-radar-bot,arbot,Alpha Radar AI,0
paint,paint,MurAll,0
blacksmith-token,bs,Blacksmith Token,0
ethforestai,ethfai,ETHforestAI,0
vuzzmind,vuzz,VuzzMind,0
0xdefcafe,cafe,0xDEFCAFE,0
architex,arcx,Architex,0
aventis-metaverse,avtm,Aventis Metaverse,0
ora-protocol,olm,OpenLM RevShare Token,0
neural-radiance-field,nerf,Neural Radiance Field,0
otacon-ai,otacon,Otacon AI,0
neurahub,neura,Neurahub,0
mbd-financials,mbd,MBD Financials,0
balance-ai,bai,Balance AI,0
purple-ai,pai,Purple AI,0
quant-ai,qai,Quant AI,0
basedai,basedai,BasedAI,0
resistor-ai,tor,Resistor AI,0
rosnet,rosnet,Rosnet,0
hypercycle,hypc,HyperCycle,0
gpt-protocol,gpt,GPT Protocol,0
black-rabbit-ai,brain,Black Rabbit AI,0
blockgpt,bgpt,BlockGPT,0
superstake,superstake,Superstake,0
aigentx,aix,AIgentX,0
edge-matrix-computing,emc,Edge Matrix Computing,0
cryptoai,cai,CryptoAI,0
trace-network-labs,trace,Trace Network Labs,0
truebit-protocol,tru,Truebit Protocol,0
advantis,advt,Advantis,0
codexchain,cdx,CodeXChain,0
corgiai,corgiai,CorgiAI,3
grok-2,$grok,Grok,3
turbo,turbo,Turbo,3
byte,byte,Byte,3
kizuna,kizuna,Kizuna,3
tao-inu,taonu,TAO INU,3
astropepex,apx,AstroPepeX,3
kiboshib,kibshi,KiboShib,3
nyxia-ai,nyxc,Nyxia AI,3
artificial-idiot,aii,Artificial idiot,3
kitty-ai,kitty,Kitty AI,3
gpu-inu,gpuinu,GPU Inu,3
flying-avocado-cat,fac,Flying Avocado Cat,3
based-brett,brett,Brett,3
degen-base,degen,Degen (Base),3
toshi,toshi,Toshi,3
normie-2,normie,NORMIE,3
mfercoin,mfer,mfercoin,3
higher,higher,higher,3
doginme,doginme,doginme,3
mochi-thecatcoin,mochi,Mochi,3
base-god,tybg,Base God,3
toby-toadgod,toby,Toby ToadGod,3
coinye-west,coinye,Coinye West,3
wild-goat-coin,wgc,Wild Goat Coin,3
anime-base,anime,Anime,3
buttman,butt,Buttman,3
chompcoin,chomp,ChompCoin,3
coding-dino,dino,Coding Dino,3
briun-armstrung,briun,Briun Armstrung,3
corgi,corgi,Corgi,3
betterbelong,long,LONG,3
base-pro-shops,bps,Base Pro Shops,3
edison-bored,bored,BORED,3
fomo-bull-club,fomo,FOMO BULL CLUB,3
basenji,benji,Basenji,3
just-a-black-rock-on-base,rock,Just a Black Rock on Base,3
keyboard-cat-base,keycat,Keyboard Cat (Base),3
based-shiba-inu,bshib,Based Shiba Inu,3
based-chad,chad,Based Chad,3
moew,moew,MOEW,3
mooncats-on-base,mooncats,Mooncats on Base,3
noggles,nogs,Noggles,3
bald-dog,baldo,Bald Dog,3
poopcoin-poop,poop,Poopcoin,3
roost,roost,Roost,3
andy-on-base,andy,Andy,3
weirdo,weirdo,Weirdo,3
broge,broge,Broge,3
all-your-base-2,ayb,All Your Base,3
cat-in-a-dogs-world,mew,cat in a dogs world,3
popcat,popcat,Popcat,3
mog-coin,mog,Mog Coin,3
wen-4,$wen,Wen,3
zero-tech,meow,MEOW,3
catcoin-cash,cat,Catcoin,3
hemule,hemule,Hemule,3
bobacat,psps,BobaCat,3
omnicat,omni,OmniCat,3
lmeow-2,lmeow,lmeow,3
catecoin,cate,CateCoin,3
zeek-coin,meow,Zeek Coin,3
leopold,leo,LEO,3
zorro,zorro,Zorro,3
real-smurf-cat,smurfcat,Real Smurf Cat,3
pajamas-cat,pajamas,Pajamas Cat,3
loaf-cat,loaf,LOAF CAT,3
kira-the-injective-cat,kira,Kira the Injective Cat,3
kitty-inu,kitty,Kitty Inu,3
magicaltux,tux,Magicaltux,3
dacat,dacat,daCat,3
bananacat,bcat,BananaCat,3
gmeow-cat,gmeow,gmeow cat,3
cat-token,cat,Mooncat CAT,3
onigiri-kitty,oky,Onigiri Kitty,3
catfish,catfish,Catfish,3
maneki,maneki,Maneki,3
meowcat-2,meow,Meowcat,3
michicoin,$michi,MichiCoin,3
mochicat,mochicat,MOCHICAT,3
muffin,muffin,Muffin,3
pepcat,pepcat,pepcat,3
poncho,poncho,Poncho,3
schrodinger,meow,Schrodinger,3
shark-cat,sc,Shark Cat,3
sillycat,sillycat,Sillycat,3
sillynubcat,nub,Sillynubcat,3
sqrcat,sqrcat,SQRCAT,3
-3,meow,Meow Meow Coin,3
the-resistance-cat,$reca,The Resistance Cat,3
tombili-the-fat-cat,fatcat,Tombili the Fat Cat,3
upsidedowncat,usdc,UpSideDownCat,3
white-coffee-cat,wcc,White Coffee Cat,3
taylor-swift-s-cat,benji,Taylor Swift's Cat Benji,3
ansem-s-cat,hobbes,Ansem's Cat,3
arab-cat,arab,Arab cat,3
bananacat-sol,bcat,BananaCat (Sol),3
batcat,btc,batcat,3
beamcat,bcat,BEAMCAT,3
bingus-the-cat,bingus,Bingus The Cat,3
bitcat,bitcat,Bitcat,3
blastcat,bcat,BlastCat,3
book-of-meow,bomeow,Book of Meow,3
catex,catex,CATEX,3
cat-getting-fade,cgf,Cat getting fade,3
catino,catino,Catino,3
catvax,catvax,Catvax,3
catwifbag,bag,catwifbag,3
catwifhat-2,$cwif,catwifhat,3
catwifhat-3,catwif,CatWifHat,3
chipi,chipi,CHIPI,3
chonk-the-cat,chonk,Chonk The Cat,3
croc-cat,croc,Croc CAT,3
crunchcat,crunch,Crunchcat,3
el-gato,elgato,el gato,3
googly-cat,googly,Googly Cat,3
habibi-sol,habibi,Habibi (Sol),3
huhu-cat,huhu,Huhu Cat,3
jugni,jugni,JUGNI,3
leia,leia,Leia,3
dogecoin,doge,Dogecoin,3
shiba-inu,shib,Shiba Inu,3
dogwifcoin,wif,dogwifhat,3
floki,floki,FLOKI,3
bonk,bonk,Bonk,3
baby-doge-coin,babydoge,Baby Doge Coin,3
the-doge-nft,dog,The Doge NFT,3
myro,$myro,Myro,3
dogelon-mars,elon,Dogelon Mars,3
arbdoge-ai,aidoge,ArbDoge AI,3
welsh-corgi-coin,welsh,WELSH CORGI COIN,3
leash,leash,Doge Killer,3
samoyedcoin,samo,Samoyedcoin,3
doge-eat-doge,omnom,Doge Eat Doge,3
kishu-inu,kishu,Kishu Inu,3
volt-inu-2,volt,Volt Inu,3
feisty-doge-nft,nfd,Feisty Doge NFT,3
kimbo,kimbo,Kimbo,3
hoge-finance,hoge,Hoge Finance,3
any-inu,ai,Any Inu,3
gui-inu,gui,Gui Inu,3
chihuahua-token,huahua,Chihuahua Chain,3
shina-inu,shi,Shina Inu,3
polydoge,polydoge,PolyDoge,3
cheems,cheems,Cheems,3
linda-2,linda,Linda,3
dogami,doga,Dogami,3
dogebonk,dobo,DogeBonk,3
tamadoge,tama,Tamadoge,3
luna-inu,linu,Luna Inu,3
melon-dog,melon,Melon Dog,3
husky-avax,husky,Husky Avax,3
hokkaido-inu,$hokk,Hokkaidu Inu,3
solordi,solo,Solordi,3
flokita,flokita,Flokita,3
eggdog,egg,Eggdog,3
woof-token,woof,WOOF,3
toge,toge,TOGE,3
dingocoin,dingo,Dingocoin,3
corgicoin,corgi,CorgiCoin,3
inu,inu,Inu.,3
wrapped-optidoge,woptidoge,Wrapped OptiDoge,3
bonk-2-0-sol,bonk2.0,Bonk 2.0 (Sol),3
inu-inu,inuinu,Inu Inu,3
ada-the-dog,ada,ADA the Dog,3
akitaaaaaa,aaaaaa,AKITAAAAAA,3
akitavax,akitax,Akitavax,3
ben-the-dog,bendog,Ben the Dog,3
bird-dog,birddog,Bird Dog,3
bonkwifhat,bif,bonkwifhat,3
bork-2,bork,Bork,3
buffy,buffy,Buffy,3
chinu-2,chinu,Chinu,3
choppy,choppy,Choppy,3
doge-inu,dinu,Doge Inu,3
dogemob,dogemob,Dogemob,3
doginthpool,dip,doginthpool,3
dog-wif-nuchucks,ninja,Dog Wif Nunchucks,3
dogwifsaudihat,wifsa,dogwifsaudihat,3
hachiko-era,haki,Hachiko Inu,3
hava-coin,hava,Hava Coin,3
hosky,hosky,Hosky,3
achi-inu,achi,ACHI INU,3
ishi,ishi,Ishi,3
kishu-ken,kishk,Kishu Ken,3
myra,myra,Myra,3
phteven,phteve,Phteven,3
pun-dog,pun,Pun Dog,3
resistance-dog,redo,Resistance Dog,3
rosy,rosy,Rosy,3
solabrador-2,sober,Solabrador,3
suicune-on-sui,hsui,Suicune on SUI,3
woofswap-woof,woof,WOOF,3
optimus-ai,opti,Optimus AI,3
baby-grok,babygrok,Baby Grok,3
elon-doge-token,edoge,ElonDoge.io,3
colonizemars,gtm,ColonizeMars,3
gateway-to-mars,mars,GATEWAY TO MARS,3
elon-xmas,xmas,Elon Xmas,3
dogsofelon,doe,Dogs Of Elon,3
web,web,Web,3
chief-troll-officer,cto,Chief Troll Officer,3
go-fu-k-yourself,gfy,go fu*k yourself.,3
grok1-5,grok1.5,Grok1.5,3
grok2-0,grok2.0,Grok2.0,3
memes-street,memes,Memes Street,3
promptide,promptide,PromptIDE,3
snailbrook,snail,SnailBrook,3
astroelon,elonone,AstroElon,3
pepe,pepe,Pepe,3
book-of-meme,bome,BOOK OF MEME,3
memecoin-2,meme,Memecoin,3
jeo-boden,boden,Jeo Boden,3
pups-ordinals,pups,PUPS (Ordinals),3
maga,trump,MAGA,3
slerf,slerf,Slerf,3
coq-inu,coq,Coq Inu,3
milady-meme-coin,ladys,Milady Meme Coin,3
harrypotterobamasonic10in,bitcoin,HarryPotterObamaSonic10Inu (ETH),3
snek,snek,Snek,3
pepefork,pork,PepeFork,3
ponke,ponke,PONKE,3
boba-oppa,bobaoppa,Boba Oppa,3
non-playable-coin,npc,Non-Playable Coin,3
retardio,retardio,RETARDIO,3
mumu-the-bull-3,mumu,MUMU THE BULL,3
wojak,wojak,Wojak,3
harambe-2,harambe,Harambe on Solana,3
shiba-predator,qom,Shiba Predator,3
peng,peng,Peng,3
troll,troll,Troll,3
guacamole,guac,Guacamole,3
catgirl,catgirl,Catgirl,3
gigachad-2,giga,Gigachad,3
vita-inu,vinu,Vita Inu,3
dejitaru-tsuka,tsuka,Dejitaru Tsuka,3
solama,solama,Solama,3
bob-token,bob,BOB Token,3
squidgrow,squidgrow,SquidGrow,3
silly-dragon,silly,Silly Dragon,3
bad-idea-ai,bad,Bad Idea AI,3
jesus-coin,jesus,Jesus Coin,3
wall-street-memes,wsm,Wall Street Memes,3
bozo-hybrid,bozo,bozo Hybrid,3
avax-has-no-chill,nochill,AVAX HAS NO CHILL,3
cumrocket,cummies,CumRocket,3
banano,ban,Banano,3
independence-token,rfkj,Independence Token,3
wolfwifballz,ballz,WolfWifBallz,3
analos,analos,analoS,3
lube,lube,LUBE,3
tech,tech,NumberGoUpTech,3
dogegf,dogegf,DogeGF,3
spx6900,spx,SPX6900,3
pikaboss,pika,Pikaboss,3
shiba-saga,shia,Shiba Saga,3
sharbi,$sharbi,Sharbi,3
wifejak,wife,Wifejak,3
flokifork,fork,FlokiFork,3
dinolfg,dino,DinoLFG,3
k9-finance-dao,knine,K9 Finance DAO,3
joe-coin,joe,Joe Coin,3
shibadoge,shibdoge,ShibaDoge,3
dogwifhood,wif,DOGWIFHOOD,3
el-hippo,hipp,El Hippo,3
kiba-inu,kiba,Kiba Inu,3
silly-goose,goo,Silly Goose,3
defrogs,defrogs,DeFrogs,3
don-t-buy-inu,dbi,Don't Buy Inu,3
elmoerc,elmo,ElmoERC,3
sacabam,scb,Sacabam,3
zoomer,zoomer,Zoomer,3
babytrump,babytrump,BABYTRUMP,3
golden-inu-token,golden,Golden Inu,3
minu,minu,Minu,3
sin,sin,sinDAO,3
harrypottertrumphomersimpson777inu,ethereum,HarryPotterTrumpHomerSimpson777Inu,3
baby-shiba-inu-erc,babyshib,Baby Shiba Inu,3
pepe-uwu,cute,PEPE UWU,3
mcpepe-s,pepes,McPepe's,3
safemoon-inu,smi,SafeMoon Inu,3
pepe-token,pepe,Pepe Token,3
fourcoin,four,FourCoin,3
cat-cat-token,cat,Cat,3
solpaca,solpac,Solpaca,3
kuma-inu,kuma,Kuma Inu,3
fable-of-the-dragon,tyrant,Fable Of The Dragon,3
chad-coin,chad,Chad Coin,3
garlicoin,grlc,Garlicoin,3
cheems-inu-new,cinu,Cheems Inu [NEW],3
shih-tzu,shih,Shih Tzu,3
cake-monster,monsta,Cake Monster,3
illumicati,milk,Illumicati,3
king-2,king,KING Coin,3
oggy-inu-2,oggy,Oggy Inu [ETH],3
chillpill,$chill,ChillPill,3
poodle,poodl,Poodl,3
all-your-base,yobase,All Your Base,3
shib-original-vision,sov,Shib Original Vision,3
cramer-coin,$cramer,Cramer Coin,3
baobaosol,baos,BaoBaoSol,3
yes-3,yes,YES,3
pepemon-pepeballs,ppblz,Pepemon Pepeballs,3
kangal,kangal,Kangal,3
pou,pou,Pou,3
maga-coin,maga,MAGA Coin BSC,3
rizo,rizo,Rizo,3
zilpepe,zilpepe,ZilPepe,3
shibavax,shibx,Shibavax,3
duckereum,ducker,Duckereum,3
froggies-token-2,frgst,Froggies,3
wall-street-bets-dapp,wsb,WallStreetBets DApp,3
kuma,kuma,KUMA,3
dyor-token-2,dyor,DYOR,3
whales-club,whc,Whales Club,3
decats,decats,DeCats,3
updog,updog,UpDog,3
catbonk,cabo,Catbonk,3
ape-2,ape,APE,3
meta-doge,metadoge,Meta Doge,3
kitty-coin-solana,kitty,Kitty Coin Solana,3
niccagewaluigielmo42069inu,shib,NicCageWaluigiElmo42069Inu,3
meme-inu,meme,Meme Inu,3
risitas,risita,Risitas (OLD),3
garbage,garbage,Garbage,3
ignore-fud,4token,Ignore Fud,3
strawberry-elephant,صباح الفر,Strawberry Elephant,3
momo-v2,momo v2,Momo v2,3
doug,doug,Doug,3
3d3d,3d3d,3d3d,3
rabbitking,rb,RabbitKing,3
-2,₿,₿,3
nitroshiba,nishib,NitroShiba,3
cope-coin,cope,Cope Coin,3
hold-vip,hold,Hold VIP,3
conan-2,conan,Conan,3
birb-3,birb,birb,3
clown-pepe,honk,Clown Pepe,3
chonky,chonky,CHONKY,3
binance-peg-dogecoin,doge,Binance-Peg Dogecoin,3
akita-inu,akita,Akita Inu,3
harambe,harambe,Harambe,3
haha,haha,HAHA,3
hachi,hachi,Hachi,3
harold,harold,Harold,3
chili,chili,CHILI,3
harrypotterrussellsonic1inu,saitama,HarryPotterRussellSonic1Inu,3
betbuinu,crypto,BetbuInu,3
hectic-turkey,hect,Hectic Turkey,3
chihuahua,hua,Chihuahua,3
hodl-token,hodl,HODL,3
green-shiba-inu,ginux,Green Shiba Inu,3
hoppyinu,hoppyinu,HoppyInu,3
good-old-fashioned-un-registered-security,gofurs,Good Old Fashioned Un Registered Security,3
super-trump,strump,Super Trump,3
donald-tremp,tremp,Doland Tremp,3
elizabath-whoren,whoren,elizabath whoren,3
jason-eth,jason,Jason (Eth),3
jason-sol,jason,Jason (Sol),3
jill-boden,jillboden,Jill Boden,3
joram-poowel,poowel,JORAM POOWEL,3
kovin-segnocchi,kovin,Kovin Segnocchi,3
noike,woosh,Noike,3
olen-mosk,olen,Olen Mosk,3
petur-shiff,$gold,Petur Shiff,3
phauntem,phauntem,Phauntem,3
safemuun,safemuun,Safemuun,3
sam-bankmeme-fried,sbf,Sam Bankmeme Fried,3
sempsunai2-0,smai2.0,SempsunAi2.0,3
snapcat,snapcat,Snapcat,3
twtr-fun,twtr,TWTR.fun,3
tyrel-derpden,tyrel,Tyrel Derpden,3
vitalek-buteren,vitalek,vitalek buteren,3
wcdonalds,wcd,WcDonalds,3
american-coin,usa,American Coin,3
zyncoin-2,zyn,ZynCoin,3
chadimir-putni,putni,Chadimir Putni,3
snap-kero,$nap,SNAP,3
milady-wif-hat,ladyf,Milady Wif Hat,3
monkeyhaircut,monk,monkeyhaircut,3
monku,monku,Monku,3
pepecoin-on-sol,pepe,PEPECOIN on SOL,3
potato-3,potato,Potato,3
pundu,pundu,Pundu,3
sad-hamster,hammy,SAD HAMSTER,3
sealwifhat,si,sealwifhat,3
shroom,shroom,Shroom,3
solpaka,solpaka,Solpaka,3
wen,$wen,WEN,3
wenwifhat,why,WenWifHat,3
wolf-of-solana,wos,Wolf Of Solana,3
yotoshi,yoto,Yotoshi,3
alan-the-alien,alan,Alan the Alien,3
alux-jownes,jownes,Alux Jownes,3
awkward-look-monkey-club,almc,Awkward Look Monkey Club,3
bird-dog-on-sol,birddog,Bird Dog on SOL,3
bridged-maga-wormhole,trump,Bridged MAGA (Wormhole),3
burrrd,burrrd,BURRRD,3
contract-address-meme,ca,contract address (Meme),3
costco-hot-dog,cost,Costco Hot Dog,3
crochet-world,crochet,Crochet World,3
czolana,czol,CZOL,3
dub-duck,$dub,dub duck,3
hulvin,hulvin,HULVIN,3
justanegg-2,egg,JustAnEgg,3
mumba,mumba,Mumba,3
pizza-gram,pizza,Pizza Gram,3
resistance-girl,regi,Resistance Girl,3
shrimp,shrimp,Shrimp,3
tonk-inu,tonk,Tonk Inu,3
tony-the-duck,tony,TONY THE DUCK,3
toon-of-meme,tome,Toon Of Meme,3
akita-inu-3,akita,Akita Inu,3
uniton-token,utn,Uniton Token,3
ondo-finance,ondo,Ondo,2
pendle,pendle,Pendle,2
xdce-crowd-sale,xdc,XDC Network,2
mantra-dao,om,MANTRA,2
polymesh,polyx,Polymesh,2
origintrail,trac,OriginTrail,2
centrifuge,cfg,Centrifuge,2
chex-token,chex,CHEX Token,2
goldfinch,gfi,Goldfinch,2
creditcoin-2,ctc,Creditcoin,2
lcx,lcx,LCX,2
propy,pro,Propy,2
tokenfi,token,TokenFi,2
dusk-network,dusk,Dusk,2
stasis-eurs,eurs,STASIS EURO,2
truefi,tru,TrueFi,2
ix-swap,ixs,IX Swap,2
allianceblock-nexera,nxra,AllianceBlock Nexera,2
maple,mpl,Maple,2
canto,canto,CANTO,2
hifi-finance,hifi,Hifi Finance,2
lto-network,lto,LTO Network,2
clearpool,cpool,Clearpool,2
opulous,opul,Opulous,2
boson-protocol,boson,Boson Protocol,2
strikecoin,strx,StrikeX,2
swarm-markets,smt,Swarm Markets,2
defichain,dfi,DeFiChain,2
propbase,props,Propbase,2
polytrade,trade,Polytrade,2
parcl,prcl,Parcl,2
propchain,propc,Propchain,2
solo-coin,solo,Sologenic,2
artrade,atr,Artrade,2
linear,lina,Linear,2
planet-token,planet,Planet Token,2
carbify,cby,Carbify,2
blocksquare,bst,Blocksquare,2
leox,leox,LEOX,2
credefi,credi,Credefi,2
xend-finance,rwa,Xend Finance,2
brickken,bkn,Brickken,2
dtravel,trvl,TRVL,2
revest-finance,rvst,Revest Finance,2
ubxs-token,ubxs,UBXS,2
soil,soil,Soil,2
klima-dao,klima,KlimaDAO,2
dovu-2,dovu,DOVU,2
stobox-token,stbu,Stobox,2
defactor,factr,Defactor,2
dextf,dextf,Domani Protocol,2
landshare,land,Landshare,2
everid,id,Everest,2
landx-governance-token,lndx,LandX Governance Token,2
regen,regen,Regen,2
comtech-gold,cgo,Comtech Gold,2
decentralized-etf,detf,Decentralized ETF,2
lucidao,lcd,Lucidao,2
mimo-parallel-governance-token,mimo,Mimo Governance,2
florence-finance-medici,ffm,Florence Finance Medici,2
etherland,eland,Etherland,2
wecoin,weco,WECOIN,2
empowa,emp,Empowa,2
epoch-island,epoch,Epoch Island,2
ixo,ixo,IXO,2
tia,tia,TIA,2
cryptofranc,xchf,CryptoFranc,2
imo,imo,IMO,2
aurusx,ax,AurusX,2
labs-group,labsv2,LABSV2,2
osean,osean,Osean,2
dastra-network,dan,Dastra Network,2
ureeqa,urqa,UREEQA,2
rentible,rnb,Rentible,2
poison-finance,poi$on,Poison Finance,2
barter,brtr,Barter,2
staked-usdt,stusdt,Staked USDT,2
fathom-dollar,fxd,Fathom Dollar,2
fathom-protocol,fthm,Fathom Protocol,2
3dpass,p3d,3DPass,2
draggable-aktionariat-ag,daks,Draggable Aktionariat AG,2
international-stable-currency,isc,International Stable Currency,2
inx-token-2,inx,INX Token,2
lumishare,lumi,Lumishare,2
realio-network,rio,Realio,2
reental,rnt,Reental,2
backed-coinbase-global,bcoin,Backed Coinbase Global,2
secured-on-blockchain,sob,Secured On Blockchain (OLD),2
secured-on-blockchain-2,sob,Secured On Blockchain,2
aktionariat-technologies-of-understanding-ag-tokenized-shares,vids,Aktionariat Technologies of Understanding AG Tokenized Shares,2
aktionariat-servicehunter-ag-tokenized-shares,dqts,Aktionariat ServiceHunter AG Tokenized Shares,2
aktionariat-realunit-schweiz-ag-tokenized-shares,realu,Aktionariat RealUnit Schweiz AG Tokenized Shares,2
aktionariat-pension-dynamics-ag-tokenized-shares,pds,Aktionariat Pension Dynamics AG Tokenized Shares,2
aktionariat-parknsleep-ag-tokenized-shares,pns,Aktionariat Parknsleep AG Tokenized Shares,2
the-emerald-company,emrld,The Emerald Company,2
aktionariat-outlawz-food-ag-tokenized-shares,vegs,Aktionariat Outlawz Food AG Tokenized Shares,2
aktionariat-boss-info-ag-tokenized-shares,boss,Aktionariat Boss Info AG Tokenized Shares,2
aktionariat-ayurveda-ag-tokenized-shares,veda,Aktionariat AyurVeda AG Tokenized Shares,2
uranium3o8,u,Uranium3o8,2
wrapped-staked-usdt,wstusdt,Wrapped Staked Tether,2
aktionariat-alan-frei-company-tokenized-shares,afs,Aktionariat Alan Frei Company Tokenized Shares,2
mbd-financials,mbd,MBD Financials,2
metazero,mzero,MetaZero,2
miidas,miidas,Miidas,2
numa,numa,Numa,2
openeden-tbill,tbill,OpenEden TBILL,2
crypto-real-estate,cre,Crypto Real Estate,2
ousg,ousg,OUSG,2
backed-niu-technologies,bniu,Backed NIU Technologies,2
backed-ibta-treasury-bond-1-3yr,bibta,Backed IBTA $ Treasury Bond 1-3yr,2
backed-ib01-treasury-bond-0-1yr,bib01,Backed IB01 $ Treasury Bond 0-1yr,2
backed-high-high-yield-corp-bond,bhigh,Backed HIGH € High Yield Corp Bond,2
backed-govies-0-6-months-euro,bc3m,Backed GOVIES 0-6 months EURO,2
backed-cspx-core-s-p-500,bcspx,Backed CSPX Core S&P 500,2
dinari-dis-dshares,dis.d,Dinari DIS,2
adapt3r-digital-treasury-bill-fund,tfbill,Adapt3r Digital Treasury Bill Fund,2
superstate-short-duration-us-government-securities-fund-ustb,ustb,Superstate Short Duration U.S. Government Securities Fund (USTB),2
assetlink,aset,AssetLink,2
dinari-amzn-dshares,amzn.d,Dinari AMZN,2
dinari-tsla-dshares,tsla.d,Dinari TSLA,2
dinari-aapl-dshares,aapl.d,Dinari AAPL,2
estatex,esx,EstateX,2
dinari-googl-dshares,googl.d,Dinari GOOGL,2
dinari-usfr-dshares,usfr.d,Dinari USFR,2
dinari-meta-dshare,meta.d,Dinari META,2
dinari-spy-dshares,spy.d,Dinari SPY,2
dinari-msft-dshares,msft.d,Dinari MSFT,2
dinari-nflx-dshares,nflx.d,Dinari NFLX,2
dinari-pfe-dshares,pfe.d,Dinari PFE,2
dinari-nvda-dshares,nvda.d,Dinari NVDA,2
dinari-pypl-dshares,pypl.d,Dinari PYPL,2
